{"cameraMode":{"drawMode":0,"name":"Shaded","section":"Shading Mode"},"sceneLighting":true,"audioPlay":false,"sceneViewState":{"m_AlwaysRefresh":false,"showFog":true,"showSkybox":true,"showFlares":true,"showImageEffects":true,"showParticleSystems":true,"showVisualEffectGraphs":true,"m_FxEnabled":true},"in2DMode":false,"pivot":{"x":11.675358772277832,"y":-0.11113929748535156,"z":16.54806137084961},"rotation":{"x":0.16501867771148683,"y":-0.6747726798057556,"z":0.15870557725429536,"w":0.7016147971153259},"size":10.771489143371582,"orthographic":false}