{"cameraMode":{"drawMode":0,"name":"Shaded","section":"Shading Mode"},"sceneLighting":false,"audioPlay":false,"sceneViewState":{"showFog":true,"showMaterialUpdate":true,"showSkybox":true,"showFlares":true,"showImageEffects":true,"showParticleSystems":true,"showVisualEffectGraphs":true,"m_FxEnabled":true},"in2DMode":false,"pivot":{"x":0.019372940063476564,"y":0.05381298065185547,"z":-0.05678749084472656},"rotation":{"x":-0.18609802424907685,"y":0.7620660066604614,"z":-0.2498452365398407,"w":-0.5676276683807373},"size":0.8660253882408142,"orthographic":false}